{
  "Range1": {
    "Value1": -4.121320964359362,
    "Value2": -5.0,
    "Value3": 5.0,
    "Value4": 0.004,
    "Value5": -4.0973209643593647
  },
  "Range2": {
    "Value1": 0.3287386788105307,
    "Value2": 0.001,
    "Value3": 2.099,
    "Value4": 0.003,
    "Value5": 0.33173867881053071
  },
  "Range3": {
    "Value1": 0.30048332039289327,
    "Value2": 0.01,
    "Value3": 1.99,
    "Value4": 0.01,
    "Value5": 0.31048332039289328
  },
  "Range4": {
    "Value1": 0.48148980922600709,
    "Value2": 0.01,
    "Value3": 1.99,
    "Value4": 0.01,
    "Value5": 0.4914898092260071
  },
  "Range5": {
    "Value1": 0.295457665946082,
    "Value2": 0.01,
    "Value3": 1.99,
    "Value4": 0.01,
    "Value5": 0.30545766594608204
  },
  "Range6": {
    "Value1": -1.9615707087291265,
    "Value2": -4.99,
    "Value3": 4.99,
    "Value4": 0.06,
    "Value5": -1.9015707087291265
  },
  "Range7": {
    "Value1": -3.4201580698416372,
    "Value2": -4.99,
    "Value3": 4.99,
    "Value4": 0.06,
    "Value5": -3.3601580698416371
  },
  "Range8": {
    "Value1": 9.3683017755617861,
    "Value2": 0.01,
    "Value3": 30.99,
    "Value4": 0.035,
    "Value5": 9.4033017755617863
  },
  "Range9": {
    "Value1": 0.01395548999260901,
    "Value2": 0.001,
    "Value3": 0.199,
    "Value4": 0.001,
    "Value5": 0.014955489992609011
  },
  "Range10": {
    "Value1": 0.24986153996729363,
    "Value2": 0.001,
    "Value3": 0.799,
    "Value4": 0.001,
    "Value5": 0.2508615399672936
  },
  "Range11": {
    "Value1": 0.094895977893330152,
    "Value2": 0.001,
    "Value3": 0.199,
    "Value4": 0.001,
    "Value5": 0.095895977893330153
  },
  "Range12": {
    "Value1": 0.0510497330227167,
    "Value2": 0.001,
    "Value3": 0.199,
    "Value4": 0.001,
    "Value5": 0.052049733022716704
  }
}