{
  "Range1": {
    "Value1": -4.5505962821424921,
    "Value2": -5.0,
    "Value3": 5.0,
    "Value4": 0.004,
    "Value5": -4.5025962821424974
  },
  "Range2": {
    "Value1": 0.27021524160784449,
    "Value2": 0.001,
    "Value3": 0.799,
    "Value4": 0.003,
    "Value5": 0.27321524160784449
  },
  "Range3": {
    "Value1": 0.50578112194118141,
    "Value2": 0.01,
    "Value3": 1.99,
    "Value4": 0.01,
    "Value5": 0.51578112194118142
  },
  "Range4": {
    "Value1": 0.52366375281646094,
    "Value2": 0.01,
    "Value3": 1.99,
    "Value4": 0.01,
    "Value5": 0.533663752816461
  },
  "Range5": {
    "Value1": 0.6586504062072609,
    "Value2": 0.01,
    "Value3": 1.99,
    "Value4": 0.01,
    "Value5": 0.66865040620726091
  },
  "Range6": {
    "Value1": -1.3522900696621696,
    "Value2": -1.99,
    "Value3": 1.99,
    "Value4": 0.06,
    "Value5": -1.2922900696621695
  },
  "Range7": {
    "Value1": -0.652826008532581,
    "Value2": -1.99,
    "Value3": 1.99,
    "Value4": 0.06,
    "Value5": -0.59282600853258094
  },
  "Range13": {
    "Value1": 829003536909102209,
    "Value2": 1,
    "Value3": 18446744073709551614,
    "Value4": 1,
    "Value5": 829003536909102210
  },
  "Range8": {
    "Value1": 6.32430700175199,
    "Value2": 0.01,
    "Value3": 30.99,
    "Value4": 0.035,
    "Value5": 6.35930700175199
  },
  "Range9": {
    "Value1": 0.027895750879727191,
    "Value2": 0.001,
    "Value3": 0.199,
    "Value4": 0.001,
    "Value5": 0.028895750879727192
  },
  "Range10": {
    "Value1": 0.31721227405556118,
    "Value2": 0.001,
    "Value3": 0.799,
    "Value4": 0.001,
    "Value5": 0.31821227405556118
  },
  "Range11": {
    "Value1": 0.039160597599186282,
    "Value2": 0.001,
    "Value3": 0.199,
    "Value4": 0.001,
    "Value5": 0.040160597599186283
  },
  "Range12": {
    "Value1": 0.064796236180605482,
    "Value2": 0.001,
    "Value3": 0.199,
    "Value4": 0.001,
    "Value5": 0.065796236180605483
  },
  "Range14": {
    "0.25": {
      "Value1": 96489225,
      "Value2": 8947848,
      "Value3": 268435456,
      "Value4": 8947848,
      "Value5": 114384921
    },
    "0.5": {
      "Value1": 147844239,
      "Value2": 17895697,
      "Value3": 536870912,
      "Value4": 17895697,
      "Value5": 183635633
    },
    "1": {
      "Value1": 676149259,
      "Value2": 536870912,
      "Value3": 1073741824,
      "Value4": 21474836,
      "Value5": 719098931
    },
    "2": {
      "Value1": 1425500950,
      "Value2": 1073741824,
      "Value3": 2147483648,
      "Value4": 53687091,
      "Value5": 1586562223
    },
    "4": {
      "Value1": 2155987784,
      "Value2": 1073741824,
      "Value3": 4294967296,
      "Value4": 107374182,
      "Value5": 2585484512
    },
    "8": {
      "Value1": 2491529998,
      "Value2": 2147483648,
      "Value3": 4294705152,
      "Value4": 107367628,
      "Value5": 2921000510
    }
  },
  "Range15": {
    "Value1": 5,
    "Value2": 0,
    "Value3": 17,
    "Value4": 1,
    "Value5": 17
  },
  "Range16": {
    "Value1": 0,
    "Value2": 0,
    "Value3": 10,
    "Value4": 1,
    "Value5": 1
  }
}